,Mouse_ID,Cohort,Tissue,Clone_Count,A>T/T>A_Count,A>C/T>G_Count,A>G/T>C_Count,G>A/C>T_Count,G>T/C>A_Count,G>C/C>G_Count,Percent_Clone,Clone_Freq,A>T/T>A_Freq,A>C/T>G_Freq,A>G/T>C_Freq,G>A/C>T_Freq,G>T/C>A_Freq,G>C/C>G_Freq
0,YM13-MS_NT,Young,K,12,0,0,2,10,0,0,1.9933554817275747,0.0008184980560671168,0.0,0.0,0.0001364163426778528,0.0006820817133892641,0.0,0.0
1,YM13-MS_NT,Young,L,4,0,0,1,3,0,0,1.3114754098360655,0.0003273188494742441,0.0,0.0,8.182971236856102e-05,0.0002454891371056831,0.0,0.0
2,YM13-MS_NT,Young,RC,3,0,0,1,1,1,0,1.1363636363636365,0.0002536676108738849,0.0,0.0,8.455587029129497e-05,8.455587029129497e-05,8.455587029129497e-05,0.0
3,YM13-MS_NT,Young,R,2,0,0,1,1,0,0,2.0,0.00024080428631629642,0.0,0.0,0.00012040214315814821,0.00012040214315814821,0.0,0.0
4,YM13-MS_NT,Young,Hi,5,1,0,2,2,0,0,2.976190476190476,0.0003745318352059925,7.49063670411985e-05,0.0,0.000149812734082397,0.000149812734082397,0.0,0.0
5,YM13-MS_NT,Young,C,2,0,0,2,0,0,0,3.6363636363636362,0.00039439952672056796,0.0,0.0,0.00039439952672056796,0.0,0.0,0.0
6,YM13-MS_NT,Young,M,6,1,0,3,2,0,0,3.5294117647058822,0.0005734767025089606,9.55794504181601e-05,0.0,0.0002867383512544803,0.0001911589008363202,0.0,0.0
7,YM13-MS_NT,Young,He,7,0,0,2,5,0,0,2.880658436213992,0.0005272275363410409,0.0,0.0,0.0001506364389545831,0.0003765910973864578,0.0,0.0
8,YM14-MS_NT,Young,K,15,1,0,2,12,0,0,3.225806451612903,0.0013287859325862602,8.858572883908402e-05,0.0,0.00017717145767816804,0.0010630287460690084,0.0,0.0
9,YM14-MS_NT,Young,L,4,0,0,0,4,0,0,1.6326530612244898,0.0004137360364087712,0.0,0.0,0.0,0.0004137360364087712,0.0,0.0
10,YM14-MS_NT,Young,RC,8,2,0,1,5,0,0,3.3472803347280333,0.0005997001499250374,0.00014992503748125936,0.0,7.496251874062968e-05,0.0003748125937031484,0.0,0.0
11,YM14-MS_NT,Young,R,5,1,0,1,2,1,0,3.289473684210526,0.000584932147870847,0.0001169864295741694,0.0,0.0001169864295741694,0.0002339728591483388,0.0001169864295741694,0.0
12,YM14-MS_NT,Young,Hi,12,1,0,2,8,1,0,4.411764705882353,0.0007022471910112359,5.852059925093633e-05,0.0,0.00011704119850187266,0.00046816479400749064,5.852059925093633e-05,0.0
13,YM14-MS_NT,Young,C,2,0,0,1,1,0,0,1.550387596899225,0.00023044129508007836,0.0,0.0,0.00011522064754003918,0.00011522064754003918,0.0,0.0
14,YM14-MS_NT,Young,M,7,0,0,1,4,2,0,3.1818181818181817,0.0004478280340349306,0.0,0.0,6.397543343356151e-05,0.00025590173373424605,0.00012795086686712303,0.0
15,YM14-MS_NT,Young,He,2,0,0,1,0,1,0,0.6872852233676976,0.0001619039909333765,0.0,0.0,8.095199546668825e-05,0.0,8.095199546668825e-05,0.0
16,YM3-MS_NT,Young,K,15,0,0,2,13,0,0,2.8680688336520075,0.0010499790004199917,0.0,0.0,0.0001399972000559989,0.0009099818003639928,0.0,0.0
17,YM3-MS_NT,Young,L,2,0,0,1,1,0,0,0.8403361344537815,0.00021342439440828086,0.0,0.0,0.00010671219720414043,0.00010671219720414043,0.0,0.0
18,YM3-MS_NT,Young,RC,5,0,0,0,5,0,0,3.571428571428571,0.000746491489997014,0.0,0.0,0.0,0.000746491489997014,0.0,0.0
19,YM3-MS_NT,Young,R,1,0,0,0,1,0,0,1.8867924528301887,0.0003716090672612412,0.0,0.0,0.0,0.0003716090672612412,0.0,0.0
20,YM3-MS_NT,Young,Hi,5,0,0,1,3,1,0,3.937007874015748,0.0006469142191745374,0.0,0.0,0.00012938284383490748,0.00038814853150472245,0.00012938284383490748,0.0
21,YM3-MS_NT,Young,C,6,0,0,1,5,0,0,3.1088082901554404,0.000399387605671304,0.0,0.0,6.656460094521733e-05,0.00033282300472608665,0.0,0.0
22,YM3-MS_NT,Young,M,8,0,0,1,6,1,0,6.015037593984962,0.000732533650764582,0.0,0.0,9.156670634557275e-05,0.0005494002380734365,9.156670634557275e-05,0.0
23,YM3-MS_NT,Young,He,8,0,0,1,7,0,0,3.2520325203252036,0.00039143730886850153,0.0,0.0,4.892966360856269e-05,0.00034250764525993883,0.0,0.0
24,YM5-MS_NT,Young,K,3,0,0,0,2,1,0,0.9523809523809524,0.0003191998723200511,0.0,0.0,0.0,0.00021279991488003404,0.00010639995744001702,0.0
25,YM5-MS_NT,Young,L,0,0,0,0,0,0,0,0.0,0.0,0.0,0.0,0.0,0.0,0.0,0.0
26,YM5-MS_NT,Young,RC,6,1,0,1,4,0,0,1.8633540372670807,0.0004635889511299981,7.726482518833301e-05,0.0,7.726482518833301e-05,0.00030905930075333205,0.0,0.0
27,YM5-MS_NT,Young,R,9,1,0,4,4,0,0,4.326923076923077,0.0006747638326585695,7.49737591842855e-05,0.0,0.000299895036737142,0.000299895036737142,0.0,0.0
28,YM5-MS_NT,Young,Hi,6,1,0,0,5,0,0,2.575107296137339,0.0004368401892974154,7.28066982162359e-05,0.0,0.0,0.00036403349108117945,0.0,0.0
29,YM5-MS_NT,Young,C,1,0,0,1,0,0,0,0.9615384615384616,0.0001563721657544957,0.0,0.0,0.0001563721657544957,0.0,0.0,0.0
30,YM5-MS_NT,Young,M,5,0,0,1,3,1,0,1.7985611510791366,0.0003305348053149997,0.0,0.0,6.610696106299993e-05,0.0001983208831889998,6.610696106299993e-05,0.0
31,YM5-MS_NT,Young,He,2,0,0,0,1,1,0,1.25,0.0002067076636866312,0.0,0.0,0.0,0.0001033538318433156,0.0001033538318433156,0.0
32,YM7-MS_NT,Young,K,12,0,0,1,9,1,1,2.643171806167401,0.0010022550739163117,0.0,0.0,8.352125615969264e-05,0.0007516913054372337,8.352125615969264e-05,8.352125615969264e-05
33,YM7-MS_NT,Young,L,1,0,0,0,1,0,0,0.3676470588235294,9.626492106276473e-05,0.0,0.0,0.0,9.626492106276473e-05,0.0,0.0
34,YM7-MS_NT,Young,RC,5,0,0,1,3,1,0,1.9230769230769231,0.00043084877208099956,0.0,0.0,8.616975441619992e-05,0.00025850926324859976,8.616975441619992e-05,0.0
35,YM7-MS_NT,Young,R,1,0,0,1,0,0,0,2.127659574468085,0.0004623208506703652,0.0,0.0,0.0004623208506703652,0.0,0.0,0.0
36,YM7-MS_NT,Young,Hi,3,0,0,1,2,0,0,2.564102564102564,0.0004437869822485207,0.0,0.0,0.00014792899408284024,0.0002958579881656805,0.0,0.0
37,YM7-MS_NT,Young,C,4,0,0,2,2,0,0,2.515723270440252,0.00032384730599522324,0.0,0.0,0.00016192365299761162,0.00016192365299761162,0.0,0.0
38,YM7-MS_NT,Young,M,5,0,0,1,4,0,0,2.6455026455026456,0.00031858294306922805,0.0,0.0,6.371658861384561e-05,0.00025486635445538244,0.0,0.0
39,YM7-MS_NT,Young,He,6,0,0,4,1,1,0,2.0905923344947737,0.0004603698304304458,0.0,0.0,0.0003069132202869639,7.672830507174097e-05,7.672830507174097e-05,0.0
40,JW24-R_NT,Old,K,203,2,0,1,200,0,0,13.560454241816966,0.012435677530017153,0.00012251899044351874,0.0,6.125949522175937e-05,0.012251899044351875,0.0,0.0
41,JW24-R_NT,Old,L,76,0,1,4,71,0,0,6.731620903454385,0.004212510046282183,0.0,5.5427763766870823e-05,0.0002217110550674833,0.003935371227447829,0.0,0.0
42,JW24-R_NT,Old,RC,35,0,0,2,33,0,0,4.0650406504065035,0.0025537193097661523,0.0,0.0,0.00014592681770092298,0.0024077924920652295,0.0,0.0
43,JW24-R_NT,Old,R,31,0,0,5,26,0,0,5.893536121673003,0.0030233578777978253,0.0,0.0,0.000487638367386746,0.002535719510411079,0.0,0.0
44,JW24-R_NT,Old,Hi,19,0,1,2,16,0,0,3.2871972318339098,0.0016018885422814265,0.0,8.430992327796982e-05,0.00016861984655593964,0.0013489587724475171,0.0,0.0
45,JW24-R_NT,Old,C,15,1,0,3,11,0,0,3.1982942430703627,0.00118699058320804,7.913270554720265e-05,0.0,0.00023739811664160799,0.0008704597610192293,0.0,0.0
46,JW24-R_NT,Old,M,13,1,0,2,8,1,1,2.6804123711340204,0.0011821943345609967,9.093802573546128e-05,0.0,0.00018187605147092255,0.0007275042058836902,9.093802573546128e-05,9.093802573546128e-05
47,JW24-R_NT,Old,He,8,0,0,4,4,0,0,2.952029520295203,0.000839806844425782,0.0,0.0,0.000419903422212891,0.000419903422212891,0.0,0.0
48,JW26-NP_NT,Old,K,54,0,0,1,53,0,0,6.593406593406594,0.006967741935483871,0.0,0.0,0.00012903225806451613,0.006838709677419355,0.0,0.0
49,JW26-NP_NT,Old,L,54,0,0,5,48,1,0,6.338028169014084,0.003796133567662566,0.0,0.0,0.000351493848857645,0.0033743409490333918,7.0298769771529e-05,0.0
50,JW26-NP_NT,Old,RC,20,0,0,2,18,0,0,2.801120448179272,0.001866193897545955,0.0,0.0,0.0001866193897545955,0.0016795745077913596,0.0,0.0
51,JW26-NP_NT,Old,R,15,0,0,1,14,0,0,4.5592705167173255,0.00265158211065936,0.0,0.0,0.00017677214071062401,0.002474809969948736,0.0,0.0
52,JW26-NP_NT,Old,Hi,8,0,0,1,7,0,0,2.0618556701030926,0.0010378827192527244,0.0,0.0,0.00012973533990659055,0.0009081473793461339,0.0,0.0
53,JW26-NP_NT,Old,C,9,0,0,0,9,0,0,2.6548672566371683,0.0008343376286270511,0.0,0.0,0.0,0.0008343376286270511,0.0,0.0
54,JW26-NP_NT,Old,M,22,0,0,5,17,0,0,4.517453798767967,0.0017331705203450585,0.0,0.0,0.0003939023909875133,0.0013392681293575453,0.0,0.0
55,JW26-NP_NT,Old,He,6,0,0,1,5,0,0,1.7964071856287425,0.0005276116778051355,0.0,0.0,8.793527963418924e-05,0.0004396763981709462,0.0,0.0
56,OM7-MS_NT,Old,K,59,0,1,2,56,0,0,7.845744680851063,0.00933248971844353,0.0,0.00015817779183802593,0.00031635558367605187,0.008857956342929452,0.0,0.0
57,OM7-MS_NT,Old,L,37,0,0,4,33,0,0,4.792746113989637,0.0032808689869208603,0.0,0.0,0.00035468853912657946,0.002926180447794281,0.0,0.0
58,OM7-MS_NT,Old,RC,9,0,0,1,8,0,0,2.4390243902439024,0.0018018018018018018,0.0,0.0,0.0002002002002002002,0.0016016016016016017,0.0,0.0
59,OM7-MS_NT,Old,R,11,1,0,1,9,0,0,4.526748971193416,0.0021825396825396826,0.0001984126984126984,0.0,0.0001984126984126984,0.0017857142857142857,0.0,0.0
60,OM7-MS_NT,Old,Hi,3,0,0,0,3,0,0,1.098901098901099,0.0005148446885189634,0.0,0.0,0.0,0.0005148446885189634,0.0,0.0
61,OM7-MS_NT,Old,C,7,0,0,1,6,0,0,3.3816425120772946,0.0009810791871058165,0.0,0.0,0.0001401541695865452,0.0008409250175192712,0.0,0.0
62,OM7-MS_NT,Old,M,12,0,0,1,10,0,1,3.3333333333333335,0.0010341707243504115,0.0,0.0,8.618089369586763e-05,0.0008618089369586763,0.0,8.618089369586763e-05
63,OM7-MS_NT,Old,He,5,1,0,1,3,0,0,1.968503937007874,0.0004725451280597297,9.450902561194594e-05,0.0,9.450902561194594e-05,0.0002835270768358378,0.0,0.0
64,OM8-MS_NT,Old,K,172,0,0,1,170,1,0,12.665684830633284,0.012342135476463834,0.0,0.0,7.175660160734788e-05,0.01219862227324914,7.175660160734788e-05,0.0
65,OM8-MS_NT,Old,L,20,0,1,2,17,0,0,3.5523978685612785,0.0028469750889679717,0.0,0.00014234875444839857,0.00028469750889679714,0.002419928825622776,0.0,0.0
66,OM8-MS_NT,Old,RC,20,0,0,0,19,1,0,3.616636528028933,0.002635740643120717,0.0,0.0,0.0,0.002503953610964681,0.00013178703215603585,0.0
67,OM8-MS_NT,Old,R,37,0,0,0,37,0,0,6.335616438356165,0.0029790660225442835,0.0,0.0,0.0,0.0029790660225442835,0.0,0.0
68,OM8-MS_NT,Old,Hi,12,1,0,0,9,2,0,3.2697547683923704,0.0014783787113465566,0.00012319822594554638,0.0,0.0,0.0011087840335099175,0.00024639645189109276,0.0
69,OM8-MS_NT,Old,C,7,0,0,1,6,0,0,2.3333333333333335,0.0007769145394006659,0.0,0.0,0.00011098779134295228,0.0006659267480577136,0.0,0.0
70,OM8-MS_NT,Old,M,8,0,0,2,6,0,0,2.877697841726619,0.0013033561420658195,0.0,0.0,0.00032583903551645487,0.0009775171065493646,0.0,0.0
71,OM8-MS_NT,Old,He,8,1,0,1,6,0,0,2.380952380952381,0.0007378712414683637,9.223390518354546e-05,0.0,9.223390518354546e-05,0.0005534034311012728,0.0,0.0
72,JW24-LF_NT,Old,K,88,0,1,0,87,0,0,9.361702127659575,0.010840776101016322,0.0,0.00012319063751154913,0.0,0.010717585463504774,0.0,0.0
73,JW24-LF_NT,Old,L,34,1,0,2,31,0,0,4.594594594594595,0.004033214709371293,0.00011862396204033214,0.0,0.00023724792408066428,0.0036773428232502966,0.0,0.0
74,JW24-LF_NT,Old,RC,5,0,0,0,5,0,0,1.6722408026755853,0.0007015574575557738,0.0,0.0,0.0,0.0007015574575557738,0.0,0.0
75,JW24-LF_NT,Old,R,14,0,0,0,14,0,0,4.697986577181208,0.0024964336661911554,0.0,0.0,0.0,0.0024964336661911554,0.0,0.0
76,JW24-LF_NT,Old,Hi,10,1,0,1,8,0,0,2.666666666666667,0.0012239153050608899,0.00012239153050608897,0.0,0.00012239153050608897,0.0009791322440487118,0.0,0.0
77,JW24-LF_NT,Old,C,1,0,0,0,1,0,0,0.7575757575757576,0.00027808676307007786,0.0,0.0,0.0,0.00027808676307007786,0.0,0.0
78,JW24-LF_NT,Old,M,25,0,0,4,21,0,0,4.3478260869565215,0.0012573239117861543,0.0,0.0,0.0002011718258857847,0.0010561520859003696,0.0,0.0
79,JW24-LF_NT,Old,He,5,0,0,0,5,0,0,1.7793594306049825,0.0004676830979328407,0.0,0.0,0.0,0.0004676830979328407,0.0,0.0
80,JW24-NP_NT,Old,K,104,0,0,2,101,1,0,8.957795004306632,0.009348314606741574,0.0,0.0,0.00017977528089887642,0.009078651685393258,8.988764044943821e-05,0.0
81,JW24-NP_NT,Old,L,82,0,0,6,75,1,0,6.165413533834586,0.0038148406606187484,0.0,0.0,0.0002791346824842987,0.0034891835310537334,4.652244708071645e-05,0.0
82,JW24-NP_NT,Old,RC,8,0,0,1,7,0,0,2.2792022792022792,0.001278363694471077,0.0,0.0,0.00015979546180888463,0.0011185682326621924,0.0,0.0
83,JW24-NP_NT,Old,R,9,0,0,1,8,0,0,4.891304347826087,0.0025210084033613447,0.0,0.0,0.00028011204481792715,0.002240896358543417,0.0,0.0
84,JW24-NP_NT,Old,Hi,23,0,0,3,20,0,0,4.267161410018553,0.002098731636098184,0.0,0.0,0.0002737476047084588,0.0018249840313897254,0.0,0.0
85,JW24-NP_NT,Old,C,17,0,0,4,13,0,0,3.811659192825112,0.0009741003896401558,0.0,0.0,0.00022920009168003668,0.0007449002979601192,0.0,0.0
86,JW24-NP_NT,Old,M,5,0,0,1,4,0,0,2.8089887640449436,0.000792895654931811,0.0,0.0,0.0001585791309863622,0.0006343165239454488,0.0,0.0
87,JW24-NP_NT,Old,He,18,0,0,4,14,0,0,3.9735099337748347,0.0011264785030352337,0.0,0.0,0.00025032855623005195,0.0008761499468051818,0.0,0.0
88,OM3-MS-P_perf,perf,K,90,0,0,3,87,0,0,8.61244019138756,0.00844634226455821,0.0,0.0,0.0002815447421519403,0.008164797522406269,0.0,0.0
89,OM3-MS-P_perf,perf,L,86,1,0,9,76,0,0,7.510917030567686,0.004681291165423766,5.443361820260193e-05,0.0,0.0004899025638234174,0.004136954983397746,0.0,0.0
90,OM3-MS-P_perf,perf,Hi,7,1,1,0,4,1,0,2.046783625730994,0.0009520571234274056,0.0001360081604896294,0.0001360081604896294,0.0,0.0005440326419585176,0.0001360081604896294,0.0
91,OM3-MS-P_perf,perf,C,7,0,0,2,5,0,0,2.258064516129032,0.0006254467476769121,0.0,0.0,0.00017869907076483203,0.00044674767691208004,0.0,0.0
92,OM3-MS-P_perf,perf,M,21,1,0,4,15,1,0,4.496788008565311,0.0014591439688715954,6.948304613674263e-05,0.0,0.00027793218454697053,0.0010422456920511395,6.948304613674263e-05,0.0
93,OM3-MS-P_perf,perf,B,56,0,0,17,38,1,0,6.746987951807229,0.0031822702088364825,0.0,0.0,0.0009660463133967893,0.0021593976417104703,5.68262537292229e-05,0.0
94,OM4-MS-P_perf,perf,K,35,0,0,2,33,0,0,5.54675118858954,0.006297795771479982,0.0,0.0,0.0003598740440845704,0.005937921727395412,0.0,0.0
95,OM4-MS-P_perf,perf,L,71,2,1,4,63,1,0,6.7362428842504745,0.00502405887347863,0.0001415227851684121,7.076139258420605e-05,0.0002830455703368242,0.004457967732804982,7.076139258420605e-05,0.0
96,OM4-MS-P_perf,perf,Hi,21,0,0,2,19,0,0,3.75,0.0019347705914870095,0.0,0.0,0.00018426386585590566,0.0017505067256311038,0.0,0.0
97,OM4-MS-P_perf,perf,C,5,0,0,2,3,0,0,3.1847133757961785,0.001437607820586544,0.0,0.0,0.0005750431282346176,0.0008625646923519264,0.0,0.0
98,OM4-MS-P_perf,perf,M,28,1,0,2,24,1,0,5.458089668615984,0.0015674858646363993,5.598163802272855e-05,0.0,0.0001119632760454571,0.0013435593125454852,5.598163802272855e-05,0.0
99,OM4-MS-P_perf,perf,B,5,0,0,4,1,0,0,2.4154589371980677,0.0012963443090484833,0.0,0.0,0.0010370754472387865,0.00025926886180969663,0.0,0.0
100,OM6-MS-P_perf,perf,K,16,0,1,2,13,0,0,3.5794183445190155,0.005116725295810681,0.0,0.0003197953309881676,0.0006395906619763352,0.004157339302846178,0.0,0.0
101,OM6-MS-P_perf,perf,L,13,0,1,4,8,0,0,3.857566765578635,0.0030190431955411053,0.0,0.00023223409196470042,0.0009289363678588017,0.0018578727357176034,0.0,0.0
102,OM6-MS-P_perf,perf,Hi,9,0,0,3,6,0,0,2.1634615384615383,0.000767590618336887,0.0,0.0,0.000255863539445629,0.000511727078891258,0.0,0.0
103,OM6-MS-P_perf,perf,C,5,0,0,2,3,0,0,2.5773195876288657,0.000954380606986066,0.0,0.0,0.0003817522427944264,0.0005726283641916397,0.0,0.0
104,OM6-MS-P_perf,perf,M,8,0,0,4,3,1,0,4.968944099378882,0.0014006828328810294,0.0,0.0,0.0007003414164405147,0.0005252560623303861,0.00017508535411012868,0.0
105,OM6-MS-P_perf,perf,B,43,0,0,14,28,1,0,6.564885496183207,0.0030742832630299565,0.0,0.0,0.0010009294344748695,0.002001858868949739,7.149495960534782e-05,0.0
