,MouseID,Age,Treatment,Tissue,Total_SNV_Freq,Total_InDel_Freq,A>T/T>A,A>C/T>G,A>G/T>C,C>A/G>T,C>T/G>A,C>G/G>C
0,YM13-MS,Young,NT,C,6.9601951375495e-07,2.5731511963793e-07,4.01387459977406e-08,0.0,1.40485610992092e-07,3.42540760466521e-07,1.16463858558617e-06,6.85081520933043e-08
1,YM14-MS,Young,NT,C,9.1694953493599e-07,1.8481153417315e-07,2.261688050456e-08,1.130844025228e-08,1.4700972327964e-07,6.50663720053083e-07,1.18650443068503e-06,3.25331860026541e-07
2,YM3-MS,Young,NT,C,8.2255906333145e-07,8.097731711553e-08,2.71127046392386e-08,6.778176159809661e-09,1.83010756314861e-07,4.01830994590838e-07,1.26289741157121e-06,1.83694168955812e-07
3,YM5-MS,Young,NT,C,1.02040531990668e-06,7.84927169159e-08,1.56109555063103e-08,0.0,2.96608154619895e-07,5.546354769255e-07,1.16209338022486e-06,5.01813050551643e-07
4,YM7-MS,Young,NT,C,8.1035749823131e-07,3.1067575082562e-07,3.2189312816595e-08,0.0,1.85088548695421e-07,3.89186984497515e-07,1.3065563050988e-06,1.38995351606255e-07
5,YM13-MS,Young,NT,RC,1.42191168819972e-06,1.3465072804922e-07,0.0,1.72039676512764e-08,1.8924364416404e-07,1.32539468020575e-06,1.62793042242662e-06,5.04226237034795e-07
6,YM14-MS,Young,NT,RC,1.16580198223116e-06,1.7072413965728e-07,4.63968213104683e-08,7.73280355174472e-09,3.09312142069789e-07,3.30295133366767e-07,1.91571177352725e-06,2.90659717362755e-07
7,YM3-MS,Young,NT,RC,1.32500760388739e-06,1.6089378047204e-07,1.5056190077775e-08,1.5056190077775e-08,3.16179991633275e-07,4.33210354257512e-07,2.2934665813633e-06,2.54829620151478e-07
8,YM5-MS,Young,NT,RC,1.54280906087737e-06,2.970626142062e-07,6.10923916810704e-08,7.6365489601338e-09,3.28371605285753e-07,1.20883211321664e-06,1.67178909274642e-06,5.91556140510273e-07
9,YM7-MS,Young,NT,RC,1.43542835942684e-06,2.0979337560854e-07,6.10804750354195e-08,3.49031285916683e-08,2.61773464437512e-07,9.62005401269514e-07,2.13444948406673e-06,1.9540734713287e-07
10,YM13-MS,Young,NT,He,1.1347784065436e-06,2.8454614057265e-07,2.95034109778534e-08,0.0,1.7702046586712e-07,9.80127844311911e-07,9.41941045182875e-07,8.14651714752757e-07
11,YM14-MS,Young,NT,He,1.51440154496435e-06,7.806193530744e-08,4.94867077836876e-08,8.247784630614591e-09,1.23716769459219e-07,1.84740090576797e-06,8.60240116426308e-07,1.08587686827583e-06
12,YM3-MS,Young,NT,He,7.870008623386e-07,1.0237409591396e-07,3.04609262062943e-08,5.0768210343823906e-09,1.11690062756412e-07,8.30410914049123e-07,5.88207730784795e-07,4.5845602546462e-07
13,YM5-MS,Young,NT,He,9.6014191089471e-07,9.601419108947e-08,2.85769414716805e-08,0.0,1.71461648830083e-07,9.89259415913023e-07,6.64912066433343e-07,6.00042596537407e-07
14,YM7-MS,Young,NT,He,1.37056796881034e-06,1.5281594077328e-07,1.51007551072188e-08,7.550377553609421e-09,2.6426321437633e-07,1.31239513020844e-06,1.00053886164406e-06,9.22574794502962e-07
15,YM13-MS,Young,NT,Hi,8.0029816060709e-07,4.4276191840714e-07,3.01507348299404e-08,7.53768370748511e-09,7.53768370748511e-08,1.81218015990988e-07,1.60507385592018e-06,1.94162159990345e-07
16,YM14-MS,Young,NT,Hi,1.0213520287917e-06,1.8023859331618e-07,3.57663557801373e-08,0.0,1.2518224523048e-07,3.14534824707307e-07,1.96837922558766e-06,2.02925693359553e-07
17,YM3-MS,Young,NT,Hi,1.05959203153753e-06,1.084621764566e-07,3.9621509978915e-08,0.0,1.05657359943773e-07,3.8512944529149e-07,2.15219395898186e-06,9.06186930097624e-08
18,YM5-MS,Young,NT,Hi,1.06709784869593e-06,2.060918591902e-07,7.28177049025954e-08,0.0,1.16508327844153e-07,4.44334748617678e-07,1.97482110496746e-06,1.35768950966513e-07
19,YM7-MS,Young,NT,Hi,1.073544269612e-06,1.4680947276745e-07,5.85342342883652e-08,0.0,1.90236261437187e-07,2.70611260405157e-07,2.01728394120208e-06,1.72207165712372e-07
20,YM13-MS,Young,NT,K,2.61084363769781e-06,5.1745093170574e-07,5.49037119974178e-08,1.37259279993544e-08,3.63737091982893e-07,2.12096142285781e-06,2.94577975396918e-06,1.28435997273056e-06
21,YM14-MS,Young,NT,K,2.5666775212287e-06,2.373486740061e-07,3.50937932950483e-08,8.773448323762071e-09,3.33391036302959e-07,1.17580877336712e-06,4.49486391844138e-06,6.10229869722174e-07
22,YM3-MS,Young,NT,K,2.2881885644482e-06,7.7554056925822e-07,5.5339043852277e-08,6.917380481534631e-09,3.45869024076731e-07,1.03569351019566e-06,4.09515594835985e-06,3.92849262488008e-07
23,YM5-MS,Young,NT,K,2.06706712822154e-06,2.4279836109269e-07,1.05116455156942e-08,0.0,2.31256201345272e-07,9.78042218659432e-07,3.47554288416477e-06,6.46206465899982e-07
24,YM7-MS,Young,NT,K,2.41654294614388e-06,2.9807578190321e-07,1.69729720949657e-08,1.69729720949657e-08,4.07351330279177e-07,1.97037903496146e-06,3.21257451352412e-06,5.56846249010848e-07
25,YM13-MS,Young,NT,L,1.60061187246037e-06,5.8138419437302e-07,3.3264712113127e-08,3.3264712113127e-08,3.16014765074707e-07,1.36548708353764e-06,1.83487326850371e-06,4.83610008752915e-07
26,YM14-MS,Young,NT,L,1.64915820469568e-06,7.4568000590736e-07,5.34144144202852e-08,2.13657657681141e-08,2.99120720753597e-07,1.32840912089342e-06,2.07450191481986e-06,4.18539860007516e-07
27,YM3-MS,Young,NT,L,1.56460375108359e-06,6.1184767692622e-07,6.23938213145779e-08,2.07979404381926e-08,4.88751600297527e-07,7.68518288161616e-07,2.23406479116749e-06,2.68087774940098e-07
28,YM5-MS,Young,NT,L,1.43954816478355e-06,1.693586076216e-07,5.77788715532159e-08,3.85192477021439e-08,3.08153981617151e-07,3.25280123923921e-07,2.73235304096093e-06,1.30112049569568e-07
29,YM7-MS,Young,NT,L,1.59759148048162e-06,3.8177737585039e-07,1.86718705916881e-08,2.80078058875321e-08,1.86718705916881e-07,1.25112254594886e-06,1.837091333292e-06,8.23523701130896e-07
30,YM13-MS,Young,NT,M,1.02995161705342e-06,5.8220324302379e-07,3.83921269725923e-08,0.0,2.87940952294442e-07,4.76438717191054e-07,1.28145586003111e-06,4.76438717191054e-07
31,YM14-MS,Young,NT,M,9.0511013001561e-07,1.4399479341158e-07,1.95314865140945e-08,0.0,2.53909324683229e-07,3.91209176595891e-07,1.17362752978767e-06,4.24741391732682e-07
32,YM3-MS,Young,NT,M,7.6673083204483e-07,5.2071821891256e-07,0.0,0.0,2.46858553477448e-07,6.86541330849136e-07,8.89383087690926e-07,7.80160603237654e-08
33,YM5-MS,Young,NT,M,1.15693102206204e-06,3.2682526189325e-07,1.31568423625694e-08,1.31568423625694e-08,1.90774214257257e-07,1.51791917748717e-06,1.14410326064332e-06,1.13277550558744e-07
34,YM7-MS,Young,NT,M,7.2682605123621e-07,1.3844305737833e-07,1.84687628733049e-08,0.0,1.10812577239829e-07,9.01655298757182e-07,8.19686635233802e-07,0.0
35,YM13-MS,Young,NT,R,7.7886798439239e-07,1.4798491703455e-07,2.47457252996831e-08,1.23728626498416e-08,1.11355763848574e-07,6.30657218608685e-08,1.66073067566954e-06,1.26131443721737e-07
36,YM14-MS,Young,NT,R,1.11816785372322e-06,4.69797428047e-07,4.65476097505652e-08,1.16369024376413e-08,2.32738048752826e-07,2.59983693822723e-07,2.05987080490312e-06,2.19986202465381e-07
37,YM3-MS,Young,NT,R,1.20079403751838e-06,1.3593894764359e-07,0.0,3.61633885037167e-08,1.0849016551115e-07,2.42642105623928e-07,2.66906316186321e-06,6.06605264059821e-08
38,YM5-MS,Young,NT,R,1.0215788242387e-06,3.7206586178231e-07,3.8958415288853e-08,7.791683057770591e-09,1.324586119821e-07,2.39156774666367e-07,1.99297312221973e-06,2.25870287184902e-07
39,YM7-MS,Young,NT,R,1.34421495358483e-06,2.0020222712966e-07,4.55914690702003e-08,0.0,2.27957345351001e-07,6.13933936717839e-07,2.14876877851244e-06,3.83708710448649e-07
40,JW24-LF,Old,NT,C,2.26709038356937e-06,2.4044898007554e-07,2.74151311840072e-08,0.0,4.11226967760107e-07,5.97750535986812e-07,4.27621537282873e-06,4.5980810460524e-07
41,JW24-NP,Old,NT,C,1.6597000694231e-06,2.4932714047387e-07,5.32008054767463e-08,1.18224012170547e-08,4.66984848073662e-07,4.31931246670802e-07,2.99338398855579e-06,1.50673690699117e-07
42,JW24-R,Old,NT,C,2.31123628166691e-06,7.8488240007106e-07,6.99831957128046e-08,1.55518212695121e-08,5.20986012528656e-07,6.18950090838326e-07,4.22500714180945e-06,4.17118539478003e-07
43,JW26-NP,Old,NT,C,1.98994284062356e-06,6.8190863157389e-07,2.7915340180104e-08,2.7915340180104e-08,3.16373855374512e-07,5.5653736697624e-07,3.57774021627583e-06,6.2014163748781e-07
44,OM7-MS,Old,NT,C,1.82201898857138e-06,6.6433442697259e-07,5.56962706361993e-08,0.0,3.34177623817196e-07,3.58919182359132e-07,3.70883155104436e-06,2.15351509415479e-07
45,OM8-MS,Old,NT,C,2.12276509541599e-06,8.8624705740214e-07,2.24414769481037e-08,0.0,4.2638806201397e-07,3.83109388974813e-07,4.29082515651791e-06,3.0648751117985e-07
46,JW24-LF,Old,NT,RC,2.4816923315707e-06,4.2329869200704e-07,2.64411105964496e-08,5.28822211928992e-08,5.28822211928992e-07,6.24407481900211e-07,4.99525985520169e-06,2.23002672107218e-08
47,JW24-NP,Old,NT,RC,3.50845256191304e-06,3.798324710903e-07,4.77423448770451e-08,3.18282299180301e-08,8.11619862909766e-07,1.34384012043818e-06,5.99352693715427e-06,5.91289652992798e-07
48,JW24-R,Old,NT,RC,4.04436350164205e-06,3.43874888257651e-06,1.48204326370321e-07,3.70510815925803e-08,6.81739901303477e-07,2.28380662167662e-06,6.80009836791352e-06,4.61893474046956e-07
49,JW26-NP,Old,NT,RC,4.22670626952314e-06,4.62472790970024e-06,2.79816205150721e-08,1.86544136767147e-08,5.78286823978156e-07,2.05792561519296e-06,7.90761968672571e-06,5.18532438473817e-07
50,OM7-MS,Old,NT,RC,4.65918685774956e-06,6.9445874573503e-07,1.40919766404953e-07,4.02627904014152e-08,1.14748952644033e-06,8.12878350417835e-07,9.3481010298051e-06,1.01609793802229e-07
51,OM8-MS,Old,NT,RC,4.58604119853939e-06,1.58973872788529e-06,1.31064821462714e-07,9.17453750238997e-08,9.4366671453154e-07,6.54846610084909e-07,9.41624263466921e-06,4.06456516604426e-07
52,JW24-LF,Old,NT,He,1.59668071330898e-06,2.6137833741001e-07,6.3251729295502e-08,0.0,5.15049795691945e-07,8.87920137401049e-07,1.92892995366435e-06,5.05195940245424e-07
53,JW24-NP,Old,NT,He,1.79846526120828e-06,2.4217744135476e-07,3.15823455623144e-08,1.26329382249258e-08,6.69545725921066e-07,1.00464775702983e-06,2.15892390340453e-06,4.70260652226729e-07
54,JW24-R,Old,NT,He,1.77226739371397e-06,6.9887021585324e-07,3.08884618158637e-08,2.05923078772425e-08,5.25103850869683e-07,1.16512891757122e-06,2.5095084378457e-06,1.79250602703264e-07
55,JW26-NP,Old,NT,He,1.83228870567806e-06,7.2887941951283e-07,6.04158771785955e-08,0.0,6.12789611382897e-07,9.33424252870291e-07,2.61960999999082e-06,3.01104597700094e-07
56,OM7-MS,Old,NT,He,1.50864724228698e-06,6.8996793011812e-07,6.57475941969069e-08,2.8177540370103e-08,6.48083428512368e-07,4.6853559700006e-07,2.14880118624166e-06,2.10033198655199e-07
57,OM8-MS,Old,NT,He,1.94349247054576e-06,7.5543143872975e-07,7.34662787071665e-08,0.0,4.49980957081395e-07,1.34393594613755e-06,1.76586932457608e-06,1.25017297315121e-06
58,JW24-LF,Old,NT,Hi,2.94145285180521e-06,3.8434983930255e-07,9.98444971878548e-08,1.24805621484818e-08,5.24183610236238e-07,3.16700076413394e-07,6.48179489726081e-06,4.22266768551193e-08
59,JW24-NP,Old,NT,Hi,3.14200610805987e-06,1.00237365479332e-06,8.31231671803432e-08,9.235907464482581e-09,5.91098077726885e-07,7.58612767819545e-07,6.40079522847741e-06,1.89653191954886e-07
60,JW24-R,Old,NT,Hi,3.05089289447784e-06,1.36413933950703e-06,1.33555876377175e-07,3.33889690942937e-08,4.50751082772966e-07,2.72782002716363e-07,6.74776533035214e-06,2.15354212670813e-07
61,JW26-NP,Old,NT,Hi,3.16444270367473e-06,1.35044570749815e-06,3.87161712452905e-08,1.29053904150969e-08,3.74256322037809e-07,5.09690479154701e-07,7.06918534131955e-06,2.88085923000483e-07
62,OM7-MS,Old,NT,Hi,3.02703290068754e-06,4.66e-07,1.58307658762705e-07,0.0,4.04564016838025e-07,4.79961588674058e-07,6.62946944356043e-06,1.19990397168515e-07
63,OM8-MS,Old,NT,Hi,2.85133461417045e-06,1.42412991934881e-06,1.23143291627574e-07,1.23143291627574e-08,4.06372862370994e-07,1.89451963044406e-07,6.46241696162583e-06,1.47351526812315e-07
64,JW24-LF,Old,NT,K,7.09867978224785e-06,8.2314478326066e-07,9.65901352036113e-08,3.62213007013543e-08,1.07456525414018e-06,1.10898732197628e-06,1.50419007671692e-05,7.86372828310454e-07
65,JW24-NP,Old,NT,K,6.78037929231517e-06,8.1177667668545e-07,1.66585462423567e-07,0.0,1.51777865763695e-06,1.28211798546721e-06,1.34068386875398e-05,8.07259472331205e-07
66,JW24-R,Old,NT,K,5.82501872547018e-06,2.41373543594053e-06,1.6588645046661e-07,3.07197130493722e-08,1.1059096697774e-06,1.46445598192861e-06,1.13123918604051e-05,8.59571989392882e-07
67,JW26-NP,Old,NT,K,6.47151761829188e-06,2.77958718949369e-06,1.12850536335967e-07,3.76168454453223e-08,1.02819377550548e-06,1.34606623680006e-06,1.3546126890972e-05,5.98251660800026e-07
68,OM7-MS,Old,NT,K,7.36064036944777e-06,2.94579886050724e-06,6.2574300137349e-08,1.56435750343373e-08,1.345347452953e-06,1.59514586131431e-06,1.52977103093257e-05,3.92248982290403e-07
69,OM8-MS,Old,NT,K,6.22741253160016e-06,2.43912760535982e-06,9.41952892095354e-08,2.17373744329697e-08,1.37670038075475e-06,1.63633515436618e-06,1.18165882139725e-05,9.36833103644757e-07
70,JW24-LF,Old,NT,L,5.39097291638587e-06,7.8679064185091e-07,1.39599495561876e-07,1.74499369452345e-07,1.57049432507111e-06,1.79315186337617e-06,8.94626853575721e-06,5.2625109033866e-07
71,JW24-NP,Old,NT,L,3.90209975567222e-06,5.486410934667e-07,9.72967371085159e-08,8.80303811934192e-08,1.31582253994374e-06,1.87988636462903e-06,5.38367456763974e-06,7.83952611632532e-07
72,JW24-R,Old,NT,L,4.0410210959484e-06,2.11485096240958e-06,1.35527434403494e-07,9.59985993691412e-08,1.19151202746405e-06,1.45651593665485e-06,6.64718682500201e-06,4.692131876472e-07
73,JW26-NP,Old,NT,L,3.81203499716581e-06,2.36229056363435e-06,1.76608414688765e-07,1.62479741513664e-07,1.27158058575911e-06,1.00065212010544e-06,6.3211926611539e-06,2.92873791250374e-07
74,OM7-MS,Old,NT,L,4.40862866396017e-06,2.10941632151411e-06,1.26770316915017e-07,1.35825339551804e-07,1.29486823706053e-06,8.65865189892354e-07,7.9319436145496e-06,4.79318230118982e-07
75,OM8-MS,Old,NT,L,4.99115771640829e-06,3.11360582702324e-06,1.26436513718804e-07,1.54533516767427e-07,1.58748067224721e-06,1.17738897990827e-06,8.7463181364614e-06,4.08481890988582e-07
76,JW24-LF,Old,NT,M,1.85409079935365e-06,1.62374724145993e-06,6.63790354132511e-08,5.106079647173161e-09,5.76987000130568e-07,9.45046574257796e-07,2.72138411661273e-06,2.53762506050704e-07
77,JW24-NP,Old,NT,M,1.67603250263921e-06,4.3313199506407e-07,7.68311927266676e-08,0.0,5.99283303268007e-07,2.4315839804913e-07,2.86926909697974e-06,1.45895038829478e-07
78,JW24-R,Old,NT,M,2.73139181460218e-06,1.50550569158881e-06,3.56311471133368e-08,8.90778677833421e-09,4.81020486030047e-07,2.12851254337036e-06,3.07792101595282e-06,1.31692142971116e-06
79,JW26-NP,Old,NT,M,2.45519232416335e-06,1.43676248269508e-06,6.39314920360381e-08,1.59828730090095e-08,7.11237848900923e-07,1.27012421336803e-06,3.41431240152696e-06,6.14576232274853e-07
80,OM7-MS,Old,NT,M,1.9484456015421e-06,1.55821466374436e-06,5.99760102813276e-08,1.71360029375222e-08,7.1114412190717e-07,7.05370627297267e-07,2.80678728778704e-06,4.26161420658766e-07
81,OM8-MS,Old,NT,M,2.85554947227648e-06,1.76655311921931e-06,9.75675023203991e-08,0.0,8.94368771270325e-07,8.92398817381932e-07,4.65720632821196e-06,5.01974334777337e-07
82,JW24-LF,Old,NT,R,3.45602981407905e-06,3.83e-07,1.10399857981623e-07,1.83999763302704e-08,6.62399147889736e-07,4.70540819541573e-07,7.24632862094022e-06,2.82324491724944e-07
83,JW24-NP,Old,NT,R,3.20540397662766e-06,3.1357212814836e-07,2.77872501426042e-08,5.55745002852083e-08,4.16808752139063e-07,3.26868603911039e-07,7.33119583057616e-06,9.33910296888683e-08
84,JW24-R,Old,NT,R,3.20965665845074e-06,1.22249328107062e-06,4.82186585783274e-08,2.89311951469965e-08,4.33967927204947e-07,5.64913945827876e-07,6.96173362652589e-06,3.32302321075221e-07
85,JW26-NP,Old,NT,R,3.76998161876135e-06,2.64e-07,7.27946991482438e-08,3.63973495741219e-08,4.18569520102402e-07,6.80708359971205e-07,7.95191129602726e-06,6.49767070881605e-07
86,OM7-MS,Old,NT,R,3.02405580390977e-06,1.26369698597076e-06,1.96880995518516e-08,0.0,4.72514389244439e-07,2.02952581211814e-07,6.93421319140363e-06,2.36778011413783e-07
87,OM8-MS,Old,NT,R,2.96667026223038e-06,8.9938815950475e-07,8.83674225527624e-08,8.03340205025113e-09,3.61503092261301e-07,1.65806703291433e-07,6.82570928549733e-06,2.90161730760008e-07
88,OM3-MS-P,Old,perf,B,3.06292467658219e-06,2.1034542959661e-07,9.95934367433078e-08,4.68674996439095e-08,1.95085967267773e-06,9.47263809540865e-07,3.30046653640028e-06,4.58675107777682e-07
89,OM4-MS-P,Old,perf,B,3.20297810738159e-06,3.2493980799523e-07,7.43167982420807e-08,4.95445321613872e-08,2.37813754374658e-06,2.47324464552839e-07,3.99841217693757e-06,1.2366223227642e-07
90,OM6-MS-P,Old,perf,B,2.90267567757646e-06,2.215782959982e-07,4.93620713859609e-08,1.41034489674174e-08,2.00268975337327e-06,3.33951198709479e-07,3.78080464253232e-06,2.02756084930755e-07
91,OM3-MS-P,Old,perf,C,1.72387804539322e-06,2.2799677374556e-07,4.43692710674506e-08,1.77477084269802e-08,4.17071148034035e-07,7.00066272443957e-07,2.85984519806893e-06,2.53215460245687e-07
92,OM4-MS-P,Old,perf,C,2.74438029201403e-06,2.8147490174503e-07,5.6237162461739e-08,2.81185812308695e-08,5.9049020584826e-07,7.0489510174033e-07,4.74629368505155e-06,7.51888108523018e-07
93,OM6-MS-P,Old,perf,C,2.34493928801092e-06,2.5383363426922e-07,5.77438251784905e-08,0.0,5.00446484880251e-07,5.19856132414635e-07,4.35379510897257e-06,4.8736512413872e-07
94,OM3-MS-P,Old,perf,Hi,3.04385823235623e-06,5.251100459328e-07,1.83681682582991e-07,4.23880805960748e-08,3.24975284569906e-07,4.56919819806214e-07,6.68545841611198e-06,1.44290469412489e-07
95,OM4-MS-P,Old,perf,Hi,3.31359468372549e-06,5.266248693778e-07,4.67877907746567e-08,2.8072674464794e-08,5.14665698521223e-07,2.57502711664493e-07,7.61242391358158e-06,1.28751355832247e-07
96,OM6-MS-P,Old,perf,Hi,2.16619919636718e-06,2.9681094757916e-07,7.4454513351113e-08,8.27272370567922e-09,2.39908987464697e-07,2.81047843603508e-07,4.83402290998033e-06,1.8268109834228e-07
97,OM3-MS-P,Old,perf,K,6.15870529752381e-06,9.3117266699403e-07,9.38653775621235e-08,9.38653775621235e-09,1.5206191165064e-06,1.56787060018688e-06,1.14026952740864e-05,8.39365068786918e-07
98,OM4-MS-P,Old,perf,K,5.86914383850304e-06,6.8829896045836e-07,7.39382205353529e-08,1.47876441070706e-08,1.06471037570908e-06,9.52681847033492e-07,1.25102168860451e-05,4.01129198750944e-07
99,OM6-MS-P,Old,perf,K,8.34298656073649e-06,1.11986396788409e-06,8.95545030645999e-08,2.98515010215333e-08,1.49257505107666e-06,7.47057229514359e-07,1.82281964001503e-05,5.97645783611487e-07
100,OM3-MS-P,Old,perf,L,4.0296529668144e-06,6.8627277600769e-07,1.56552577168246e-07,8.38674520544174e-08,1.54316111780128e-06,6.45835778169999e-07,6.80027084073116e-06,3.98898568869705e-07
101,OM4-MS-P,Old,perf,L,4.72755836900797e-06,7.535387153637e-07,1.85653017566303e-07,2.49917523646946e-07,1.60661265201608e-06,1.24243284514769e-06,7.45459707088616e-06,5.66935375941181e-07
102,OM6-MS-P,Old,perf,L,4.88505763788184e-06,9.2772607959774e-07,1.38904551020093e-07,1.62055309523442e-07,1.66685461224112e-06,6.97924616464251e-07,8.76283129560671e-06,3.10188718428556e-07
103,OM3-MS-P,Old,perf,M,2.07592888137923e-06,6.6678657860147e-07,4.93101878074305e-08,1.40886250878373e-08,9.22804943253343e-07,5.66257944493541e-07,3.14453879814498e-06,2.28912786071857e-07
104,OM4-MS-P,Old,perf,M,1.7981819686262e-06,5.7485739347894e-07,4.46018018313957e-08,1.11504504578489e-08,7.52655405904802e-07,1.69934451089773e-07,3.24763617638233e-06,5.66448170299244e-08
105,OM6-MS-P,Old,perf,M,1.75426576415904e-06,4.3584242587802e-07,1.7402668441646e-08,3.48053368832921e-08,5.04677384807735e-07,2.33142106292051e-07,3.35141777794823e-06,1.74856579719038e-07
106,JW21-NP,Old,SS31,C,2.32654379858293e-06,2.5380477802723e-07,8.22204453470422e-08,0.0,5.30695601785454e-07,7.85055809300929e-07,3.96326561792243e-06,4.81163237958634e-07
107,JW21-R,Old,SS31,C,1.72659882293145e-06,7.6605761128605e-07,6.25861681147089e-08,0.0,3.54654952650017e-07,3.57938080506216e-07,3.32882414870781e-06,2.86350464404973e-07
108,JW22-LF,Old,SS31,C,1.88144072196118e-06,8.728333246212e-08,9.3201461342993e-08,0.0,4.19406576043468e-07,4.64686450107119e-07,3.38188472022403e-06,3.09790966738079e-07
109,JW22-NP,Old,SS31,C,2.51336508062509e-06,3.9271329384767e-07,6.25609291315634e-08,2.08536430438545e-08,5.83902005227925e-07,6.68111757233787e-07,4.57129097054696e-06,3.86801543661666e-07
110,JW55-RB,Old,SS31,C,1.57450928470723e-06,3.4804942083002e-07,2.65202501336952e-08,2.65202501336952e-08,3.71283501871733e-07,4.86097092856565e-07,2.73981997791882e-06,2.65143868830853e-07
111,JW21-NP,Old,SS31,RC,3.38649134353709e-06,1.36029398921021e-06,6.76012494333325e-08,1.69003123583331e-08,7.94314680841657e-07,4.31878445220322e-07,7.14039029430932e-06,8.63756890440644e-08
112,JW21-R,Old,SS31,RC,5.50020242901881e-06,4.8531197903107e-07,1.72084074083571e-07,0.0,1.37667259266856e-06,2.4557438838254e-06,9.10069792241178e-06,5.77822090311859e-07
113,JW22-LF,Old,SS31,RC,3.02570236556243e-06,4.5548207653628e-07,1.29389926324858e-07,3.45039803532956e-08,6.46949631624292e-07,7.00818567767462e-07,5.94235743919494e-06,1.31403481456399e-07
114,JW22-NP,Old,SS31,RC,3.48451493157377e-06,4.8359237643514e-07,1.36815935975025e-07,4.20972110692385e-08,6.73555377107817e-07,1.03691028766609e-06,6.40023936180103e-06,5.18455143833044e-07
115,JW55-RB,Old,SS31,RC,4.43915132305006e-06,6.7187155159677e-07,1.53082229363296e-07,1.53082229363296e-07,9.7589921219101e-07,3.85979053560062e-07,9.19916744318147e-06,1.60824605650026e-07
116,JW21-NP,Old,SS31,He,1.24343123505837e-06,2.7631805223519e-07,8.31634568520844e-08,2.26809427778412e-08,6.12385455001713e-07,4.6371788207832e-07,1.58436943043426e-06,9.01673659596734e-08
117,JW21-R,Old,SS31,He,1.37523941766228e-06,7.1353215836972e-07,5.6974657535589e-08,3.41847945213534e-08,6.03931369877243e-07,3.9118586273069e-07,1.97548860678999e-06,1.76033638228811e-07
118,JW22-LF,Old,SS31,He,1.51888277944974e-06,8.8284501147591e-07,7.79617827442898e-08,3.89808913721449e-08,6.366878924117e-07,6.2445268394893e-07,2.07407498597323e-06,1.33811289417628e-07
119,JW22-NP,Old,SS31,He,1.54510573656526e-06,2.3269664707308e-07,4.90860576123942e-08,1.47258172837183e-08,6.18484325916167e-07,7.75820037141204e-07,1.88895313390902e-06,3.62611539098606e-07
120,JW55-RB,Old,SS31,He,1.19162210161138e-06,5.745726778939e-07,5.69005198609309e-08,0.0,4.6942928885268e-07,4.76832750692618e-07,1.7483867525396e-06,1.10038327082912e-07
121,JW21-NP,Old,SS31,Hi,2.58887076257257e-06,3.2360884532157e-07,1.12069681281821e-07,0.0,3.66094292187281e-07,4.40944448583723e-07,5.63149052905498e-06,7.55904769000668e-08
122,JW21-R,Old,SS31,Hi,2.9480037558914e-06,1.21578635041371e-06,1.07164538825445e-07,2.14329077650889e-08,4.71523970831956e-07,7.23842162886709e-07,5.93550573567101e-06,2.53344757010348e-07
123,JW22-LF,Old,SS31,Hi,3.09333648227914e-06,4.0809188420569e-07,1.03806141718922e-07,0.0,4.28200334590551e-07,5.05998324133551e-07,6.86397726650729e-06,6.5999781408724e-08
124,JW22-NP,Old,SS31,Hi,3.11290463295369e-06,3.8172845134031e-07,7.21757070240236e-08,1.44351414048047e-08,4.98012378465763e-07,5.5214086423861e-07,6.62569037086333e-06,2.33126142678524e-07
125,JW55-RB,Old,SS31,Hi,2.77458540966011e-06,3.5604506412979e-07,7.62167973589965e-08,1.52433594717993e-08,3.76002866971049e-07,6.00254304260503e-07,5.9503470161476e-06,1.73986754858117e-07
126,JW21-NP,Old,SS31,K,6.61276799507684e-06,3.10230653536327e-06,1.15453707323605e-07,1.15453707323605e-08,1.24690003909493e-06,4.14239396403491e-07,1.48337155283536e-05,3.15610968688374e-07
127,JW21-R,Old,SS31,K,5.47282547807759e-06,1.85173606982191e-06,9.03239305662071e-08,2.85233464945917e-08,1.18371887952556e-06,1.48494314564726e-06,1.04353971608948e-05,7.09835459732483e-07
128,JW22-LF,Old,SS31,K,6.37505896159191e-06,8.9018009130714e-07,1.31031581613976e-07,5.45964923391567e-08,1.2884772192041e-06,1.15687840418357e-06,1.2670572998201e-05,7.89615418728466e-07
129,JW22-NP,Old,SS31,K,6.00937588107934e-06,7.7593589673277e-07,7.9292103360217e-08,7.9292103360217e-08,9.77935941442676e-07,1.09951852083972e-06,1.25345111375729e-05,4.83788149169479e-07
130,JW55-RB,Old,SS31,K,4.67342706176951e-06,5.6432258795965e-07,9.31879619764094e-08,6.6562829983149605e-09,9.51848468759039e-07,1.58443207611045e-06,8.65257233053226e-06,5.5061823921569e-07
131,JW21-NP,Old,SS31,L,4.52721878084411e-06,2.78942436750949e-06,1.65788533161499e-07,1.45064966516312e-07,1.45064966516312e-06,5.54880643439594e-07,8.32320965159391e-06,2.77440321719797e-07
132,JW21-R,Old,SS31,L,4.31968264961276e-06,2.01768256332024e-06,9.35718304624404e-08,1.78637130882841e-07,1.44611010714681e-06,7.92892860792681e-07,7.6499477865368e-06,3.6708002814476e-07
133,JW22-LF,Old,SS31,L,4.67801190343584e-06,7.4428872861388e-07,1.576500837821e-07,1.61798770197418e-07,1.57235215140568e-06,2.07781561805764e-06,6.41845783386299e-06,9.60633933006101e-07
134,JW22-NP,Old,SS31,L,3.70403985389461e-06,6.2505672534472e-07,1.0186290869332e-07,1.0186290869332e-07,1.2871767553065e-06,1.11117899934658e-06,5.63306020502086e-06,6.48187749618839e-07
135,JW55-RB,Old,SS31,L,4.90556400053138e-06,8.5314156530981e-07,1.56535282835341e-07,1.73928092039268e-07,1.66970968357697e-06,3.30796783596714e-07,9.09691154890963e-06,8.26991958991784e-08
136,JW21-NP,Old,SS31,M,1.44220862648415e-06,1.5593550545297e-06,3.43300205121014e-08,2.57475153840761e-08,5.75027843577699e-07,3.23895041635088e-07,2.34087780090814e-06,1.61947520817544e-07
137,JW21-R,Old,SS31,M,1.73811161792313e-06,1.61575933417789e-06,3.70499053611111e-08,0.0,6.57635820159722e-07,3.49691404488318e-07,2.8293213635873e-06,3.49691404488318e-07
138,JW22-LF,Old,SS31,M,1.79541537848238e-06,4.409792157676e-07,2.87624761284931e-08,2.87624761284931e-08,6.6153695095534e-07,6.25280993161699e-07,2.65744422093722e-06,3.12640496580849e-07
139,JW22-NP,Old,SS31,M,1.93227932985127e-06,5.2003295948504e-07,4.85226231999714e-08,0.0,4.28616504933081e-07,1.26917991236395e-06,2.45558722174765e-06,6.89771691502149e-07
140,JW55-RB,Old,SS31,M,1.62275808217155e-06,5.3722707839809e-07,5.28659760190946e-08,0.0,5.8152573621004e-07,4.92080126928043e-07,2.68407341960751e-06,1.19292151982556e-07
141,JW21-NP,Old,SS31,R,4.08555085117345e-06,4.3773759119716e-07,0.0,0.0,5.83624591185565e-07,1.94564225748202e-07,9.33908283591368e-06,3.89128451496403e-07
142,JW21-R,Old,SS31,R,3.39237733129963e-06,1.14772723151343e-06,6.25446310669215e-08,0.0,4.25303491255066e-07,5.80432011676744e-07,7.41663126031395e-06,3.86954674451163e-07
143,JW22-LF,Old,SS31,R,2.44865047667006e-06,3.1522856711155e-07,9.84122208081082e-08,0.0,3.22076359008354e-07,3.33970214532447e-07,5.40424528970687e-06,1.51804642969294e-07
144,JW22-NP,Old,SS31,R,2.86589121165596e-06,2.9545270223257e-07,4.66600894604563e-08,4.66600894604563e-08,4.66600894604563e-07,1.61098394630333e-07,6.52448498252848e-06,1.61098394630333e-07
145,JW55-RB,Old,SS31,R,2.78516558263285e-06,3.3269896038276e-07,2.2630227454304e-08,1.50868183028693e-08,5.58212277206165e-07,2.05564737661301e-07,6.03846416880072e-06,2.69803718180458e-07
146,JW27-LB,Old,NMN,C,2.30855216107305e-06,7.6875666678012e-07,5.71103379725076e-08,0.0,5.61584990062992e-07,7.72453810631338e-07,4.15810242744103e-06,2.95833374284342e-07
147,JW29-R,Old,NMN,C,2.14197629976073e-06,7.5629020745986e-07,1.03235887602547e-07,1.72059812670911e-08,4.64561494211461e-07,4.13567189824238e-07,4.25383395247788e-06,1.47702567794371e-07
148,JW30-LF,Old,NMN,C,2.04926821278023e-06,8.013505792162e-07,7.42826101215553e-08,0.0,3.52842398077388e-07,7.50704128527703e-07,3.76949307090506e-06,3.19448565330937e-07
149,JW27-LB,Old,NMN,RC,4.41674747947669e-06,1.99298972671976e-06,1.61638419825232e-07,4.71445391156928e-08,9.56360650632625e-07,1.96194359615362e-06,7.88280909168867e-06,2.10208242445031e-07
150,JW29-R,Old,NMN,RC,4.44692806769898e-06,2.06630240178764e-06,1.0417549445466e-07,1.0417549445466e-07,1.01050229621021e-06,8.09739357856536e-07,8.85315031256479e-06,3.59884159047349e-07
151,JW30-LF,Old,NMN,RC,3.62543700123086e-06,4.8276054063387e-07,1.3520660583421e-07,6.00918248152045e-08,7.21101897782454e-07,1.10037345651511e-06,6.55106057832251e-06,5.88571848833663e-07
152,JW27-LB,Old,NMN,He,1.18965401730508e-06,2.6297615119376e-07,6.03278407917715e-08,0.0,5.02732006598096e-07,5.64280400092064e-07,1.5268763767197e-06,1.32771858845192e-07
153,JW29-R,Old,NMN,He,1.44353329409282e-06,7.0133976282483e-07,2.66488678286242e-08,8.882955942874742e-09,5.86275092229733e-07,3.97187654759969e-07,2.19980854943983e-06,2.5969962041998e-07
154,JW30-LF,Old,NMN,He,1.45317334672793e-06,3.2640509018812e-07,7.102483935371e-09,7.102483935371e-09,5.82403682700422e-07,4.34506266908027e-07,1.95527820108612e-06,5.18993596584588e-07
155,JW27-LB,Old,NMN,Hi,3.154389342934e-06,4.5170253120773e-07,8.39495480006426e-08,2.39855851430407e-08,5.51668458289937e-07,2.83129337971208e-07,7.01756287685779e-06,6.06705724224016e-08
156,JW29-R,Old,NMN,Hi,3.16084333094344e-06,1.13625786108639e-06,1.15595817835787e-07,0.0,4.87153803736532e-07,3.68223251151285e-07,6.92542960819148e-06,2.54923789258582e-07
157,JW30-LF,Old,NMN,Hi,2.80972698778973e-06,3.9628932102244e-07,1.19228689170552e-07,0.0,4.14461633783347e-07,2.7893658562363e-07,6.2231714102927e-06,1.63514550193162e-07
158,JW27-LB,Old,NMN,K,7.51476812861092e-06,3.35324295937104e-06,7.10323008259612e-08,8.28710176302881e-08,1.47983960054086e-06,1.32288657269315e-06,1.57525262656076e-05,5.49506730195615e-07
159,JW29-R,Old,NMN,K,6.31208045662812e-06,2.58704292951505e-06,1.2721231545479e-07,8.48082103031934e-09,1.35693136485109e-06,6.25789941556022e-07,1.36218461696846e-05,3.34724852460198e-07
160,JW30-LF,Old,NMN,K,5.62562634752634e-06,2.33640469401368e-06,7.78701104442678e-08,2.33610331332803e-08,1.1914126897973e-06,6.36019113964422e-07,1.2150615156362e-05,2.12006371321474e-07
161,JW27-LB,Old,NMN,L,3.44061584744878e-06,6.2352751342292e-07,8.5836275616075e-08,1.7167255123215e-07,1.38768645579321e-06,5.2932856812508e-07,5.56998016004346e-06,3.60905841903464e-07
162,JW29-R,Old,NMN,L,4.00655943808704e-06,2.2359863311152e-06,1.09073136119165e-07,7.27154240794436e-08,1.42704019755908e-06,5.29624804909198e-07,7.41474726872878e-06,1.7134920158827e-07
163,JW30-LF,Old,NMN,L,4.46590002297416e-06,2.51841035219304e-06,1.59545406433736e-07,1.59545406433736e-07,1.62064544430058e-06,8.5226186470938e-07,7.64146654968241e-06,3.17792559722142e-07
164,JW27-LB,Old,NMN,M,1.7023398015009e-06,4.7311781496259e-07,6.3090592791639e-08,7.01006586573767e-09,4.41634149541473e-07,9.93925070096566e-07,2.51475017735276e-06,2.27525016046202e-07
165,JW29-R,Old,NMN,M,1.74035689290717e-06,1.73115388935871e-06,2.99500019160514e-08,0.0,6.43925041195105e-07,2.82431608800795e-07,3.13242329760882e-06,1.54053604800434e-07
166,JW30-LF,Old,NMN,M,1.64111619350509e-06,1.76941599835169e-06,1.20472331855763e-07,1.33858146506403e-08,6.55904917881374e-07,5.05674158236983e-07,2.52837079118491e-06,6.89555670323158e-08
167,JW27-LB,Old,NMN,R,2.58698476231304e-06,1.02982446307334e-06,5.6442873589101e-08,1.41107183972753e-08,3.52767959931881e-07,1.44168205081578e-07,5.98298051088551e-06,1.44168205081578e-07
168,JW29-R,Old,NMN,R,3.02119647414012e-06,8.9750493627715e-07,2.71897806448133e-08,0.0,4.75821161284232e-07,1.629685076862e-07,7.03092704589035e-06,1.39687292302457e-07
169,JW30-LF,Old,NMN,R,3.16892395371508e-06,1.07342673612954e-06,1.31634842139695e-07,0.0,4.68034994274469e-07,4.01327611806236e-07,6.8476523764439e-06,3.26078684592566e-07
