"","Class","Tissue","Estimate","confInt1","confInt2","pVal"
"Old/Young","A>T/T>A","C",1.55356305611439,0.840541942767753,2.67998766067805,0.13010184160567
"Old/Young1","A>T/T>A","RC",2.3705536297405,0.757391342115149,11.2824244740629,0.102796935081074
"Old/Young2","A>T/T>A","He",1.77058142639763,1.05656697227562,3.21659408624388,0.0324132938270688
"Old/Young3","A>T/T>A","Hi",2.23974985441364,1.28199912584159,3.95692116676618,0.0174391029716778
"Old/Young4","A>T/T>A","K",3.36900366861841,1.72624179660958,9.99205341624475,0.00335269521229424
"Old/Young5","A>T/T>A","L",2.96435566045467,1.91010913126353,5.60700182560521,0.000102804842652457
"Old/Young6","A>T/T>A","M",3.72529194560656,1.76200263263765,32.9005522186436,0.00120219563357569
"Old/Young7","A>T/T>A","R",1.96381118016896,0.786530980367501,5.86277185255004,0.113709979521624
"Old/Young8","A>C/T>G","C",2.54744361829675,NA,NA,0.317038253808974
"Old/Young9","A>C/T>G","RC",2.75067047876356,1.1079358373025,9.65143201443531,0.0392695475775096
"Old/Young10","A>C/T>G","He",2.45121101133555,-0.269233716269866,75.1664589360026,0.2955164365402
"Old/Young11","A>C/T>G","Hi",8.88039807743453,NA,NA,0.0446422234176315
"Old/Young12","A>C/T>G","K",2.54975278706088,0.941412369431642,9.84884625546218,0.0628892942703719
"Old/Young13","A>C/T>G","L",4.76303670519594,3.28312075925188,7.01762168749228,0.000552786205731409
"Old/Young14","A>C/T>G","M",2.98531245017989,NA,NA,0.229267840478546
"Old/Young15","A>C/T>G","R",1.80652759391623,NA,NA,0.312403711664826
"Old/Young16","A>G/T>C","C",2.1670255760518,1.49432530453491,3.4797525909365,0.000533141771314296
"Old/Young17","A>G/T>C","RC",2.78293176318076,1.91160351329669,3.90307386817111,0.0027233757440707
"Old/Young18","A>G/T>C","He",3.3607898102665,2.29599843955504,5.72733310407938,9.71505251558918e-06
"Old/Young19","A>G/T>C","Hi",3.74034920990225,2.55349802322086,6.18888696991877,3.28574173232093e-05
"Old/Young20","A>G/T>C","K",3.69116438884019,2.88748695367104,4.80341735122732,3.36631859722745e-05
"Old/Young21","A>G/T>C","L",4.29070005969987,2.9933658797707,7.15184605953566,7.48203232991091e-07
"Old/Young22","A>G/T>C","M",3.03743426055969,2.08722823421704,4.7697465458674,0.000206875673836186
"Old/Young23","A>G/T>C","R",2.83493547401679,1.83752326607972,5.02551175237814,0.000342180890343754
"Old/Young24","C>A/G>T","C",1.05008437585793,0.738028605816162,1.55001890023939,0.760361635391931
"Old/Young25","C>A/G>T","RC",1.52155394294172,0.654951269604108,3.61720856996016,0.249459363782504
"Old/Young26","C>A/G>T","He",0.811519543566106,0.516658755920716,1.33306671916009,0.33679477593995
"Old/Young27","C>A/G>T","Hi",1.3196902645691,0.680546207079422,2.27019951432358,0.318552529237469
"Old/Young28","C>A/G>T","K",0.965211027246314,0.649762470858743,1.7229026583756,0.851788077389665
"Old/Young29","C>A/G>T","L",1.35174919546775,0.79937511670502,2.68941818016875,0.21494694049054
"Old/Young30","C>A/G>T","M",1.29696756846124,0.503226744405929,3.36635226055382,0.490585397872141
"Old/Young31","C>A/G>T","R",1.4165851520305,0.592786828040516,5.82083681728011,0.361990652122467
"Old/Young32","C>T/G>A","C",3.16088263002423,2.71855279581962,3.62365610314913,4.91029332014416e-05
"Old/Young33","C>T/G>A","RC",3.8421002305825,2.86596492409105,5.00189783057901,0.000569794836320236
"Old/Young34","C>T/G>A","He",2.6980936515792,2.07639300787753,3.62844862277826,2.23737671804795e-05
"Old/Young35","C>T/G>A","Hi",3.41226266868367,3.02168196234255,3.90464504658534,7.30409510903983e-11
"Old/Young36","C>T/G>A","K",3.67747306318779,2.97709045860257,4.63993634009284,3.94605841767236e-06
"Old/Young37","C>T/G>A","L",3.4208484311168,2.6483788507932,4.40965612049561,0.000171601045445228
"Old/Young38","C>T/G>A","M",3.06862851504786,2.30081394615698,4.0616017191685,0.00044313628149857
"Old/Young39","C>T/G>A","R",3.42238962998319,2.81512233511379,4.32236609551186,4.70651202592151e-09
"Old/Young40","C>G/G>C","C",1.48397026058364,0.644244198621826,6.16383763273266,0.288544619423642
"Old/Young41","C>G/G>C","RC",0.953751341393854,0.343933141930811,2.11282739102922,0.892416407940312
"Old/Young42","C>G/G>C","He",0.626034037199142,0.126414270251148,1.29335121193741,0.176797927217283
"Old/Young43","C>G/G>C","Hi",1.05010658880134,0.527640314706756,1.77839602086245,0.847789220864956
"Old/Young44","C>G/G>C","K",1.04582636269579,0.611367262268802,2.31925516592327,0.859429986004426
"Old/Young45","C>G/G>C","L",1.16143567760826,0.600514642948084,3.68993449676236,0.627627324626564
"Old/Young46","C>G/G>C","M",2.48617037890878,NA,NA,0.135780189752465
"Old/Young47","C>G/G>C","R",1.54532670760822,0.620833762708984,4.32602826598241,0.264301065450246
