,C>T,C>A,C>G,T>A,T>C,T>G,C>N,T>N,Count,Base,Count_percent
0,0,0,0,0,0,0,0,0,0,1,0.0
1,0,0,0,0,0,0,0,0,0,2,0.0
2,0,0,0,0,0,0,0,0,0,3,0.0
3,0,0,0,0,0,0,0,0,0,4,0.0
4,0,0,0,0,0,0,0,0,0,5,0.0
5,0,0,0,0,0,0,0,0,0,6,0.0
6,0,0,0,0,0,0,0,0,0,7,0.0
7,0,0,0,0,0,0,0,0,0,8,0.0
8,0,0,0,0,0,0,0,0,0,9,0.0
9,0,0,0,0,0,0,0,0,0,10,0.0
10,7,0,0,1,1,0,88,55,1041096,11,0.9969443266075322
11,5,1,0,0,1,1,82,72,1041151,12,0.9969969941213479
12,4,0,0,0,0,0,85,73,1041207,13,0.9970506192263239
13,7,0,0,0,0,0,59,54,1041267,14,0.9971080746959408
14,3,0,1,0,2,0,63,61,1041347,15,0.9971846819887636
15,6,0,0,0,2,0,44,66,1041417,16,0.9972517133699834
16,4,0,0,0,3,0,58,59,1041482,17,0.997313956795402
17,3,1,1,0,1,0,67,61,1041531,18,0.997360878762256
18,3,0,0,0,0,0,73,72,1041577,19,0.9974049279556291
19,5,0,0,0,0,0,63,75,1041620,20,0.9974461043755212
20,5,0,0,0,0,0,71,68,1041676,21,0.9974997294804971
21,8,0,0,0,1,0,66,64,1041730,22,0.9975514394031526
22,5,1,1,0,0,0,62,73,1041782,23,0.9976012341434872
23,4,1,0,0,0,0,52,73,1041856,24,0.9976720958893484
24,6,0,0,0,1,0,59,73,1041915,25,0.9977285937678052
25,4,0,2,0,0,0,53,77,1041976,26,0.9977870068285826
26,6,0,1,0,0,0,73,73,1042028,27,0.9978368015689173
27,6,0,0,0,1,0,79,76,1042097,28,0.9979028753589769
28,3,0,0,0,1,0,48,54,1042196,29,0.9979976768838452
29,5,0,0,0,2,0,56,64,1042240,30,0.9980398108948976
30,2,0,1,0,0,0,63,63,1042283,31,0.9980809873147899
31,7,1,0,1,1,0,49,74,1042330,32,0.9981259940993232
32,3,1,0,0,0,0,63,86,1042385,33,0.998178661613139
33,6,0,0,0,0,0,73,68,1042449,34,0.9982399474473971
34,4,0,0,0,0,0,71,53,1042509,35,0.9982974029170142
35,4,0,0,0,0,0,58,71,1042558,36,0.9983443248838682
36,2,0,0,0,1,0,59,65,1042608,37,0.9983922044418823
37,1,0,0,0,0,0,55,67,1042687,38,0.9984678541435448
38,0,1,0,0,1,0,68,81,1042734,39,0.9985128609280782
39,3,0,1,0,1,0,54,82,1042794,40,0.9985703163976953
40,2,0,0,0,1,0,63,75,1042845,41,0.9986191535468697
41,3,1,0,0,1,1,56,75,1042894,42,0.9986660755137237
42,5,1,0,0,0,0,63,67,1042954,43,0.9987235309833407
43,3,0,0,0,0,0,60,74,1043011,44,0.9987781136794769
44,4,0,0,0,0,0,59,74,1043080,45,0.9988441874695366
45,6,0,0,0,1,0,59,64,1043139,46,0.9989006853479933
46,2,0,1,0,1,0,60,67,1043203,47,0.9989619711822517
47,3,0,0,0,0,0,67,69,1043253,48,0.9990098507402658
48,3,0,0,1,0,0,66,67,1043318,49,0.9990720941656843
49,4,0,0,0,0,0,60,84,1043370,50,0.9991218889060192
50,2,0,1,0,0,0,58,82,1043424,51,0.9991735988286744
51,5,1,0,0,1,0,56,77,1043471,52,0.9992186056132079
52,4,0,1,0,1,0,63,87,1043512,53,0.9992578668507796
53,5,1,0,0,0,0,64,75,1043568,54,0.9993114919557555
54,0,1,0,0,0,0,59,84,1043629,55,0.9993699050165328
55,5,0,0,0,1,0,60,81,1043701,56,0.9994388515800733
56,2,0,0,0,0,0,68,96,1043743,57,0.9994790704088052
57,7,0,0,0,0,0,61,98,1043784,58,0.9995183316463768
58,13,1,0,0,1,0,50,81,1043828,59,0.9995604656574294
59,3,1,0,0,1,0,67,95,1043908,60,0.9996370729502522
60,5,1,0,0,0,0,59,80,1043985,61,0.9997108074695942
61,6,1,1,0,2,0,59,81,1044034,62,0.9997577294364481
62,3,0,1,0,0,0,59,86,1044078,63,0.9997998634475005
63,2,0,0,0,0,0,68,108,1044119,64,0.9998391246850722
64,5,0,0,0,0,0,72,97,1044155,65,0.9998735979668425
65,3,0,0,0,0,0,51,93,1044185,66,0.999902325701651
66,6,0,0,0,1,0,73,96,1044213,67,0.9999291382541389
67,0,1,0,0,0,1,64,95,1044250,68,0.9999645691270694
68,5,2,1,1,2,1,58,96,1044270,69,0.9999837209502751
69,8,1,0,0,0,0,52,101,1044287,70,1.0
70,6,0,0,0,0,0,53,80,1044274,71,0.9999875513149162
71,1,0,0,0,1,0,61,107,1044150,72,0.9998688100110409
72,5,0,0,1,0,0,63,93,1044000,73,0.9997251713369985
73,4,1,0,0,1,0,64,96,1043838,74,0.9995700415690322
74,3,0,0,0,0,0,68,86,1043600,75,0.9993421348728845
75,3,0,0,1,0,0,64,89,1043353,76,0.9991056098562942
76,6,0,0,0,0,0,63,79,1042968,77,0.9987369372595848
77,3,0,0,0,0,0,71,85,1042512,78,0.9983002756904951
78,4,0,0,0,0,0,65,103,1041994,79,0.9978042434694677
79,4,0,0,1,0,0,66,100,1041378,80,0.9972143673147325
80,2,0,0,0,0,0,83,120,1040577,81,0.9964473367953446
81,3,0,0,0,0,0,53,122,1039555,82,0.9954686786295338
82,9,0,0,0,0,0,75,124,1038473,83,0.9944325649941059
83,4,1,0,1,2,1,69,116,1037090,84,0.9931082164194325
84,4,0,0,0,0,0,90,102,1035418,85,0.991507123999437
85,5,0,0,0,2,0,60,99,1033479,86,0.9896503547396454
86,3,1,0,0,2,0,67,107,1031316,87,0.98757908505995
87,1,0,0,0,0,0,52,149,1028927,88,0.9852913997780304
88,2,0,0,0,1,0,62,125,1026333,89,0.9828074083082524
89,4,0,0,0,0,0,67,153,1023340,90,0.9799413379655211
90,5,0,0,0,0,0,73,134,1020054,91,0.9767946934128261
91,3,0,0,0,0,0,75,143,1016614,92,0.9735005798214474
92,6,0,0,0,0,0,73,113,1012905,93,0.9699488742079525
93,5,1,0,0,1,0,58,143,1008950,94,0.9661616011690272
94,3,0,0,0,1,0,61,129,1004867,95,0.9622517564615857
95,8,1,0,0,0,0,66,149,1000520,96,0.9580891076878291
96,3,2,0,0,0,0,48,147,996065,97,0.9538230390687618
97,3,1,1,0,0,0,75,131,991375,98,0.9493319365270275
98,4,0,0,0,1,0,67,141,986607,99,0.9447661418747911
99,3,1,0,0,1,0,64,136,981773,100,0.940137146205976
100,2,1,0,0,3,1,51,134,976779,101,0.9353549359515152
101,2,0,1,0,0,0,63,141,971587,102,0.9303831226473182
102,9,0,0,0,0,0,64,148,966226,103,0.9252494764370331
103,3,0,0,0,2,0,57,165,961021,104,0.9202652144477523
104,1,1,0,0,1,0,58,159,955673,105,0.915144016922551
105,6,0,2,0,0,0,60,182,950370,106,0.9100659109995624
106,7,1,0,0,2,0,58,167,945081,107,0.9050012113528177
107,4,0,0,0,0,0,62,164,939646,108,0.8997967033966715
108,3,0,0,0,0,0,49,168,933929,109,0.8943221547333252
109,3,0,0,1,0,0,53,174,928303,110,0.8889347468655647
110,4,1,0,1,3,0,48,171,922675,111,0.8835454238154836
111,5,0,0,0,1,0,62,190,916966,112,0.8780785358814195
112,3,0,0,0,0,1,66,186,911312,113,0.8726643154611711
113,8,0,0,0,1,0,67,182,905447,114,0.8670480433061026
114,3,0,0,0,0,0,68,202,899686,115,0.8615313606317038
115,4,0,0,0,1,0,53,223,893833,116,0.8559265795705586
116,4,0,0,0,1,0,64,193,888031,117,0.8503706356585881
117,3,0,0,0,4,0,46,190,882340,118,0.8449209843654091
118,3,0,0,0,1,0,46,202,876700,119,0.8395201702214046
119,14,0,0,0,2,0,65,239,871099,120,0.8341567021326513
120,2,0,0,0,0,0,62,240,865403,121,0.8287022628836709
121,3,0,0,0,0,0,64,268,859761,122,0.8232995335573459
122,4,0,0,0,0,0,57,275,854128,123,0.8179054225514634
123,5,0,0,0,1,0,55,284,848484,124,0.8125007780428177
124,4,0,0,0,2,0,73,242,842910,125,0.807163164915392
125,1,0,0,0,0,0,82,265,837172,126,0.8016685068376797
126,4,0,0,0,0,0,65,329,831576,127,0.7963098267047277
127,6,0,0,0,0,0,66,284,826023,128,0.790992322991668
128,5,0,0,0,0,0,70,356,820542,129,0.7857437658421488
129,4,0,0,0,0,0,72,303,815134,130,0.7805651128473302
130,7,0,0,0,1,0,72,363,809506,131,0.7751757897972492
131,0,0,0,0,0,0,0,0,0,132,0.0
132,0,0,0,0,0,0,0,0,0,133,0.0
133,0,0,0,0,0,0,0,0,0,134,0.0
134,0,0,0,0,0,0,0,0,0,135,0.0
135,0,0,0,0,0,0,0,0,0,136,0.0
136,0,0,0,0,0,0,0,0,0,137,0.0
137,0,0,0,0,0,0,0,0,0,138,0.0
138,0,0,0,0,0,0,0,0,0,139,0.0
139,0,0,0,0,0,0,0,0,0,140,0.0
140,0,0,0,0,0,0,0,0,0,141,0.0
141,0,0,0,0,0,0,0,0,0,142,0.0
142,0,0,0,0,0,0,0,0,0,143,0.0
143,0,0,0,0,0,0,0,0,0,144,0.0
144,0,0,0,0,0,0,0,0,0,145,0.0
145,0,0,0,0,0,0,0,0,0,146,0.0
146,0,0,0,0,0,0,0,0,0,147,0.0
147,0,0,0,0,0,0,0,0,0,148,0.0
148,0,0,0,0,0,0,0,0,0,149,0.0
149,0,0,0,0,0,0,0,0,0,150,0.0
